norad_id,epoch,perigee_km,apogee_km
28485,2026-10-05T16:14:55.754016,304.202,310.673
31797,2026-10-05T21:46:31.806048,372.013,376.261
37818,2026-10-05T16:17:55.476384,373.752,12016.055
38745,2026-10-05T18:50:32.793792,256.686,2659.08
38764,2026-10-05T19:20:28.089024,387.608,415.175
39265,2026-10-05T19:46:12.137376,286.061,648.082
39269,2026-10-05T16:43:25.108896,302.469,864.85
39270,2026-10-05T23:02:23.527392,314.157,1086.762
40536,2026-10-05T23:41:43.633248,355.028,423.56
40908,2026-10-05T22:54:50.731776,398.33,406.503
41774,2026-10-05T15:35:32.948160,395.246,397.337
41849,2026-10-05T16:55:15.084480,362.416,365.385
41884,2026-10-05T22:55:14.404512,380.014,386.426
41885,2026-10-05T21:47:08.211552,360.524,367.867
41886,2026-10-05T21:23:48.839136,345.022,353.721
41887,2026-10-05T22:52:04.311552,377.756,383.598
41888,2026-10-05T22:43:16.276224,366.057,374.325
41890,2026-10-05T21:33:00.122112,365.967,373.597
41891,2026-10-05T22:24:43.032960,366.729,372.954
42845,2026-10-05T18:43:44.467392,382.544,385.367
42987,2026-10-05T21:46:53.241024,376.096,376.227
43016,2026-10-05T14:38:29.882112,391.817,522.944
43229,2026-10-04T12:21:43.696512,195.088,6994.85
43236,2026-10-05T17:59:27.066048,351.117,353.854
43585,2026-10-05T22:08:54.860352,391.502,393.871
43758,2026-10-05T18:05:30.854112,398.14,406.716
43798,2026-10-05T16:09:13.057920,391.956,397.786
44408,2026-10-05T16:41:30.571008,333.996,338.961
44499,2026-10-05T10:27:23.321376,330.746,340.575
44536,2026-10-05T23:20:54.885408,382.564,391.508
44538,2026-10-05T22:08:27.660768,394.242,402.053
44714,2026-10-05T21:34:39.167616,368.036,371.986
44718,2026-10-05T22:46:03.647712,365.219,373.285
44725,2026-10-05T17:14:03.068448,353.385,359.16
44741,2026-10-06T00:00:02.999808,276.505,282.649
44747,2026-10-05T21:32:43.486656,376.626,384.054
44748,2026-10-05T21:22:20.620416,341.093,345.423
44751,2026-10-05T16:37:18.057504,347.543,354.067
44753,2026-10-05T20:14:41.525952,318.759,327.223
44768,2026-10-05T22:09:43.807680,372.559,376.694
44927,2026-10-06T00:00:02.999808,308.523,311.346
44930,2026-10-05T22:21:16.368480,346.786,350.399
44941,2026-10-05T23:03:20.497824,362.44,365.624
44949,2026-10-05T16:10:18.111936,363.989,366.461
44961,2026-10-05T10:45:44.700192,318.163,321.366
44968,2026-10-05T21:01:47.047872,361.281,363.546
45044,2026-10-05T16:43:46.202592,340.667,346.623
45047,2026-10-05T11:41:36.801600,364.384,364.509
45048,2026-10-05T07:08:28.509216,352.477,359.814
45060,2026-10-05T22:59:47.703264,321.141,330.212
45062,2026-10-06T03:12:05.990688,191.914,193.368
45087,2026-10-05T10:20:20.526432,386.206,392.199
45096,2026-10-05T16:52:54.529824,376.24,380.731
45100,2026-10-05T17:09:39.272832,316.314,325.015
45198,2026-10-05T21:06:43.202016,344.979,348.506
45206,2026-10-06T00:00:02.999808,297.379,302.159
45223,2026-10-06T00:00:02.999808,305.16,307.862
45228,2026-10-05T18:33:08.781120,371.088,372.669
45229,2026-10-05T20:37:35.603904,393.621,395.63
45230,2026-10-05T19:11:34.288224,392.835,396.041
45237,2026-10-06T00:00:02.999808,313.614,315.522
45367,2026-10-05T20:14:27.558528,354.342,358.98
45369,2026-10-05T22:09:53.106912,319.355,325.014
45375,2026-10-05T18:48:46.844928,320.79,329.561
45376,2026-10-05T22:19:31.262016,336.602,343.861
45377,2026-10-05T22:23:17.665440,261.931,267.838
45383,2026-10-05T22:52:27.692256,331.643,334.18
45384,2026-10-06T00:00:02.999808,300.466,306.37
45386,2026-10-06T02:23:20.324256,173.342,183.453
45387,2026-10-06T00:00:02.999808,293.547,300.888
45389,2026-10-06T00:00:02.999808,284.847,289.463
45390,2026-10-06T00:00:02.999808,298.702,304.232
45395,2026-10-05T22:17:24.755136,266.393,271.231
45397,2026-10-05T22:29:53.684160,370.387,375.414
45399,2026-10-05T21:33:56.473920,329.517,336.2
45408,2026-10-05T22:01:16.699296,199.409,207.842
45414,2026-10-06T00:00:02.999808,282.673,287.008
45417,2026-10-06T00:00:02.999808,320.956,324.219
45419,2026-10-05T22:20:09.185568,328.067,337.474
45531,2026-10-05T23:57:58.038624,206.471,216.129
45532,2026-10-06T00:00:02.999808,294.844,296.895
45542,2026-10-05T21:25:43.040064,314.88,320.587
45544,2026-10-05T20:27:30.695040,305.667,309.608
45555,2026-10-06T00:00:02.999808,292.191,294.27
45564,2026-10-05T20:50:06.830304,337.027,339.769
45565,2026-10-06T00:00:02.999808,303.981,308.647
45567,2026-10-05T22:10:29.980704,315.675,320.096
45573,2026-10-05T19:39:57.752352,312.557,316.662
45578,2026-10-05T22:23:11.804064,314.816,317.988
45582,2026-10-05T20:15:56.655072,233.311,242.003
45586,2026-10-06T00:00:02.999808,310.739,313.095
45589,2026-10-05T21:52:41.274048,309.979,311.623
45590,2026-10-05T21:35:45.498624,334.918,338.935
45665,2026-10-05T22:13:24.444768,169.867,178.483
45669,2026-10-05T20:00:01.384704,347.432,350.482
45671,2026-10-06T00:00:02.999808,275.341,279.407
45673,2026-10-06T00:00:02.999808,313.788,316.54
45675,2026-10-06T00:00:02.999808,328.803,332.347
45679,2026-10-05T20:52:06.329280,323.78,326.726
45685,2026-10-05T21:42:37.483200,339.058,341.534
45686,2026-10-05T21:55:27.051456,392.157,398.147
45695,2026-10-06T00:00:02.999808,295.309,297.403
45697,2026-10-05T19:40:51.014496,326.842,330.644
45700,2026-10-06T00:00:02.999808,298.843,299.65
45703,2026-10-05T16:23:56.173056,211.991,224.158
45710,2026-10-06T00:00:02.999808,307.35,309.524
45711,2026-10-05T17:54:55.385568,141.869,150.857
45731,2026-10-06T00:00:02.999808,305.917,312.954
45735,2026-10-06T00:00:02.999808,373.928,379.02
45741,2026-10-05T13:46:05.716128,326.659,336.511
45746,2026-10-05T21:52:33.418560,361.868,366.705
45751,2026-10-05T07:59:38.713344,344.923,348.488
45755,2026-10-06T00:00:02.999808,286.478,292.482
45759,2026-10-05T23:16:28.839936,326.539,336.558
45764,2026-10-05T23:12:15.069312,330.623,336.442
45780,2026-10-06T00:00:02.999808,298.02,302.199
46066,2026-10-05T23:08:18.460320,339.884,352.538
46080,2026-10-05T20:15:11.428128,369.953,373.229
46141,2026-10-06T00:00:02.999808,322.921,331.134
46174,2026-10-06T00:00:02.999808,281.96,292.419
46278,2026-10-05T20:43:50.301696,302.869,307.268
46320,2026-10-05T23:30:10.040832,294.493,298.741
46384,2026-10-05T17:02:33.821088,340.417,341.356
46457,2026-10-05T21:10:01.325856,318.984,329.438
46458,2026-10-05T22:53:28.984416,337.885,350.768
46460,2026-10-05T22:23:39.890976,271.39,277.888
46537,2026-10-06T02:55:59.446848,152.849,162.487
46553,2026-10-05T22:33:28.474560,349.345,359.219
46563,2026-10-06T00:00:02.999808,309.557,313.179
46709,2026-10-05T20:02:44.775744,255.88,267.173
46718,2026-10-06T00:00:02.999808,342.756,349.987
46955,2026-10-05T13:23:15.779328,327.93,332.566
47621,2026-10-06T00:00:02.999808,350.943,352.286
47625,2026-10-06T00:00:02.999808,286.587,293.474
47627,2026-10-06T00:00:02.999808,270.719,280.312
47650,2026-10-05T09:40:56.210304,348.694,349.943
47728,2026-10-06T00:00:02.999808,276.229,286.418
47736,2026-10-05T23:40:06.459168,328.997,338.368
47746,2026-10-06T00:00:02.999808,319.503,330.583
47778,2026-10-05T06:58:27.302592,335.972,346.479
48022,2026-10-06T00:00:02.999808,302.781,309.079
48111,2026-10-05T21:27:03.541536,394.987,402.064
48274,2026-10-05T17:00:20.974176,385.546,387.774
48376,2026-10-05T21:36:14.286240,268.841,278.179
48442,2026-10-06T00:00:02.999808,320.92,331.192
48562,2026-10-06T00:00:02.999808,284.236,290.189
48582,2026-10-06T00:00:02.999808,299.636,310.07
48907,2026-10-05T18:29:36.055680,387.528,391.917
48908,2026-10-05T12:35:52.904832,371.367,373.773
48931,2026-10-05T12:55:52.976640,329.653,332.446
48948,2026-10-05T12:55:25.598208,329.527,332.579
48951,2026-10-05T12:36:17.928864,387.251,393.824
48957,2026-10-05T12:55:14.136384,329.524,332.593
48958,2026-10-05T13:35:43.103904,383.279,389.42
49139,2026-10-06T00:00:02.999808,365.725,370.187
49442,2026-10-05T22:35:48.314688,371.745,374.359
49449,2026-10-05T17:07:58.932192,376.43,383.483
49469,2026-10-05T11:57:46.147392,387.99,411.52
49772,2026-10-05T21:00:56.798496,384.119,389.711
49949,2026-10-05T20:55:38.802432,380.503,405.599
49950,2026-10-05T22:17:17.286720,389.775,412.541
50163,2026-10-06T00:00:02.999808,289.315,300.401
50813,2026-10-05T12:33:48.114720,394.365,398.465
51053,2026-10-05T23:39:18.445824,284.614,292.507
51102,2026-10-05T23:37:11.526816,389.322,1255.229
51133,2026-10-06T00:00:02.999808,368.262,370.257
51775,2026-10-06T00:00:02.999808,296.376,299.135
52161,2026-10-05T19:37:43.723488,394.868,402.498
52295,2026-10-06T00:00:43.161120,191.085,198.806
52382,2026-10-05T07:55:49.253088,392.671,397.441
52422,2026-10-05T21:38:24.961056,387.023,392.216
52574,2026-10-05T14:16:11.106336,370.849,374.481
52614,2026-10-05T08:44:04.100640,385.901,388.168
52754,2026-10-05T22:07:04.612224,399.572,405.093
52756,2026-10-05T22:06:52.004736,399.124,405.477
52757,2026-10-05T22:06:33.288768,399.207,405.414
52908,2026-10-05T16:47:42.930816,296.171,305.867
52989,2026-10-05T22:58:09.972768,198.562,206.13
53201,2026-10-06T00:00:02.999808,383.114,385.504
53206,2026-10-05T22:02:44.981088,177.802,188.032
53208,2026-10-06T00:00:02.999808,384.576,386.359
53239,2026-10-05T17:00:20.974176,385.546,387.774
53445,2026-10-05T21:54:54.182304,304.277,308.617
53446,2026-10-05T22:47:23.495136,295.879,300.459
53448,2026-10-05T22:13:48.171072,265.311,271.806
53467,2026-10-06T00:00:02.999808,380.728,383.156
53475,2026-10-06T00:00:02.999808,364.753,366.928
53490,2026-10-05T22:55:29.979840,203.057,210.217
53499,2026-10-05T22:15:13.134240,266.649,269.768
53509,2026-10-06T00:00:02.999808,323.052,324.965
53630,2026-10-05T22:00:01.999584,359.157,360.816
53665,2026-10-05T22:00:01.999584,373.13,374.896
53667,2026-10-05T22:00:01.999584,343.359,345.294
53668,2026-10-05T22:00:01.999584,376.548,378.562
53669,2026-10-05T21:57:04.063968,223.326,226.734
53740,2026-10-05T22:00:01.999584,314.514,316.575
53754,2026-10-05T22:31:37.441920,383.477,935.725
53790,2026-10-05T21:30:37.609632,369.465,372.594
53800,2026-10-05T08:52:25.317408,356.345,359.89
53891,2026-10-05T19:35:41.274816,262.934,265.862
53892,2026-10-05T22:00:01.999584,390.335,391.777
54045,2026-10-05T20:29:00.139776,389.21,395.277
54109,2026-10-04T12:13:43.652064,398.65,410.459
54216,2026-10-05T17:00:20.974176,385.546,387.774
54251,2026-10-05T21:55:14.919168,329.885,333.981
54252,2026-10-05T19:45:29.318400,343.464,347.408
54253,2026-10-05T22:48:36.990432,385.973,391.415
54255,2026-10-05T22:26:31.636896,356.432,360.16
54776,2026-10-05T19:22:14.253888,251.207,252.033
55010,2026-10-05T22:33:03.708000,321.762,323.748
55011,2026-10-05T21:52:57.239904,394.929,403.123
55012,2026-10-05T04:53:42.670176,384.647,390.921
55041,2026-10-05T22:31:10.373664,327.594,328.81
55056,2026-10-05T17:25:48.578880,342.643,351.13
55103,2026-10-05T17:14:04.472448,398.792,409.648
55135,2026-10-05T22:42:34.043904,384.006,389.249
55137,2026-10-05T22:45:23.037120,385.463,391.321
55487,2026-10-05T22:00:01.999584,360.492,362.45
55861,2026-10-05T23:18:49.326336,378.403,382.291
56186,2026-10-05T22:40:51.683232,395.759,402.79
56202,2026-10-05T22:29:36.678912,391.446,406.037
56203,2026-10-05T23:26:29.135040,361.187,366.804
56204,2026-10-05T23:26:15.977184,395.575,402.957
56232,2026-09-29T06:18:58.791744,396.998,411.858
56749,2026-10-05T23:17:46.868640,395.698,397.512
56835,2026-10-05T22:00:01.999584,369.238,401.264
56963,2026-10-05T22:11:44.706336,364.645,368.177
57047,2026-10-05T23:40:02.457120,265.469,277.967
57206,2026-10-05T21:42:38.907936,266.13,275.338
57291,2026-10-05T22:00:01.999584,322.161,324.718
57294,2026-10-05T22:00:01.999584,380.463,382.628
57300,2026-10-05T22:00:01.999584,314.635,317.321
57302,2026-10-05T22:00:01.999584,327.796,330.394
57412,2026-10-05T22:00:01.999584,283.795,286.58
57414,2026-10-05T22:34:42.619584,341.507,359.191
57416,2026-10-05T22:00:01.999584,319.664,322.324
57418,2026-10-05T22:00:01.999584,349.028,351.45
57422,2026-10-02T17:05:42.957600,257.872,268.578
57470,2026-10-05T22:00:01.999584,348.819,351.745
57680,2026-10-05T07:49:04.152000,364.389,367.167
57707,2026-10-05T09:09:13.084416,343.759,387.837
58018,2026-10-05T18:26:30.281856,385.76,387.129
58019,2026-10-05T21:33:34.485984,383.707,385.513
58136,2026-10-03T22:58:05.003040,335.029,374.265
58262,2026-10-05T18:57:55.928160,350.828,355.749
58295,2026-10-05T22:53:01.421952,377.995,387.051
58296,2026-10-05T20:31:09.490080,371.541,374.139
58302,2026-10-05T23:11:28.302720,370.548,378.815
58320,2026-10-05T21:37:21.307584,399.741,407.664
58322,2026-10-05T21:06:41.423040,396.902,406.243
58328,2026-10-05T19:23:16.412640,393.064,401.942
58334,2026-10-05T22:25:32.998944,365.675,370.76
58336,2026-10-05T19:21:18.759168,392.911,398.83
58412,2026-10-05T22:00:01.999584,271.274,309.585
58435,2026-10-05T22:32:02.639616,242.109,247.254
58592,2026-10-05T17:06:47.914848,393.987,428.38
58605,2026-10-05T22:00:01.999584,384.093,417.11
58672,2026-10-05T00:58:52.800960,328.202,363.477
58705,2026-10-05T09:25:17.687712,358.703,360.691
58706,2026-10-05T22:00:01.999584,317.873,324.54
58707,2026-10-05T09:39:25.863552,358.981,360.458
58708,2026-10-05T09:18:13.691808,359.008,360.419
58709,2026-10-05T09:11:09.903264,358.818,360.6
58710,2026-10-05T09:04:05.979072,359.143,360.271
58820,2026-10-05T22:53:35.354688,378.37,384.134
58823,2026-10-05T22:36:45.546048,381.328,387.128
58929,2026-10-05T21:41:38.491872,340.808,344.617
58992,2026-10-05T22:33:56.173536,289.33,412.005
59112,2026-10-05T21:24:27.242208,361.151,368.258
59129,2026-10-05T21:54:16.133472,381.611,388.944
59146,2026-10-05T21:52:56.963424,357.96,362.477
59148,2026-10-05T22:35:20.304672,389.825,395.374
59236,2026-10-05T22:00:01.999584,377.304,404.845
59289,2026-10-05T20:15:07.719840,357.585,360.406
59313,2026-10-05T19:00:15.132384,194.176,213.122
59421,2026-10-05T21:03:33.033024,358.887,360.781
59422,2026-10-05T20:42:22.044096,358.891,360.762
59423,2026-10-05T20:49:25.436064,359.295,360.348
59424,2026-10-05T20:56:29.105376,359.099,360.536
59425,2026-10-05T20:35:18.133728,359.029,360.627
59426,2026-10-05T21:10:36.568416,359.198,360.421
59586,2026-10-05T23:29:14.658432,324.778,363.645
59708,2026-10-05T12:36:31.000320,359.028,360.546
59709,2026-10-05T12:22:30.431136,359.673,359.983
59710,2026-10-05T16:50:31.955136,359.278,360.237
59711,2026-10-05T16:43:28.136352,359.111,360.503
59712,2026-10-05T16:36:23.838912,359.4,360.193
59713,2026-10-05T16:29:20.489280,358.615,361.001
59714,2026-10-05T13:18:53.035200,359.183,360.375
59715,2026-10-05T16:08:08.465280,359.099,360.523
59716,2026-10-05T13:11:50.473536,358.952,360.639
59717,2026-10-05T16:01:04.465920,359.153,360.42
59718,2026-10-05T14:22:19.908192,359.261,360.408
59719,2026-10-05T12:29:36.124800,359.048,360.557
59720,2026-10-05T12:43:35.027328,359.042,360.572
59754,2026-10-05T22:57:16.410816,358.442,361.101
59755,2026-10-05T22:43:09.475680,358.775,360.846
59756,2026-10-05T22:36:05.232672,359.099,360.477
59757,2026-10-05T05:40:27.231456,358.883,360.462
59758,2026-10-05T22:21:57.624480,358.977,360.566
59759,2026-10-05T22:14:53.606112,359.026,360.484
59760,2026-10-05T22:07:49.622304,359.102,360.459
59761,2026-10-05T03:40:31.709856,358.953,360.479
59762,2026-10-05T23:25:23.134080,358.892,360.662
59763,2026-10-05T23:18:20.066976,358.98,360.648
59765,2026-10-05T15:32:49.418880,358.868,360.65
59768,2026-10-05T18:08:05.886816,353.473,364.216
59878,2026-10-04T23:32:51.632160,313.519,351.37
59907,2026-10-05T17:51:46.675872,315.785,350.676
59908,2026-10-05T21:58:42.510720,394.932,397.311
59945,2026-10-05T08:45:38.676672,359.056,360.391
59947,2026-10-05T18:02:42.420768,359.0,360.593
59948,2026-10-05T08:31:30.620064,359.037,360.421
59949,2026-10-05T08:03:15.218784,358.956,360.495
59950,2026-10-05T09:56:07.709568,358.892,360.496
59952,2026-10-05T06:38:38.333184,358.907,360.514
59954,2026-10-05T07:49:08.156640,358.689,360.814
59955,2026-10-05T07:42:03.545568,359.061,360.368
59956,2026-10-05T07:34:58.979424,358.729,360.635
59957,2026-10-05T18:09:44.916768,358.778,360.785
60038,2026-10-05T14:08:17.230848,358.907,360.55
60039,2026-10-05T09:26:11.605632,358.224,361.272
60040,2026-10-05T09:19:07.501728,358.49,360.963
60041,2026-10-05T09:12:04.025952,358.935,360.557
60042,2026-10-05T09:04:59.943648,358.924,360.565
60043,2026-10-05T08:57:55.819008,359.21,360.236
60044,2026-10-05T08:50:51.534528,358.852,360.552
60045,2026-10-05T08:43:47.625888,359.034,360.364
60046,2026-10-05T08:36:44.042112,358.962,360.408
60047,2026-10-05T08:29:40.634592,358.941,360.375
60048,2026-10-05T09:40:08.668704,359.032,360.337
60049,2026-10-05T08:22:36.077088,358.562,360.854
60050,2026-10-05T14:22:16.153248,358.98,360.42
60059,2026-10-05T04:31:41.119968,358.962,360.439
60060,2026-10-05T21:13:10.397568,359.098,360.427
60061,2026-10-05T21:06:06.920928,358.952,360.555
60062,2026-10-05T20:59:03.578208,358.965,360.619
60063,2026-10-05T22:23:41.271648,358.759,360.869
60064,2026-10-05T22:16:37.658496,359.072,360.525
60065,2026-10-05T20:37:52.494240,358.735,360.82
60066,2026-10-05T03:42:14.683104,359.134,360.294
60067,2026-10-05T20:23:52.679328,358.197,361.426
60068,2026-10-05T14:10:03.876096,359.134,360.349
60069,2026-10-05T21:41:27.185568,358.833,360.782
60070,2026-10-05T21:34:22.355904,359.062,360.492
60071,2026-10-05T21:27:19.368288,359.297,360.241
60113,2026-10-05T16:48:45.240768,358.775,360.702
60114,2026-10-05T16:41:41.842752,358.825,360.696
60115,2026-10-05T22:41:22.826976,358.18,361.286
60116,2026-10-05T16:27:34.412544,358.871,360.658
60117,2026-10-05T22:27:15.124608,358.609,360.905
60118,2026-10-05T16:13:26.374080,359.007,360.585
60119,2026-10-05T16:06:22.218336,358.752,360.763
60120,2026-10-05T15:59:17.984832,358.883,360.605
60121,2026-10-05T23:16:32.185344,357.79,362.308
60122,2026-10-05T06:35:03.444288,358.848,360.481
60123,2026-10-05T06:20:55.624416,358.711,360.67
60124,2026-10-05T06:14:00.831840,359.07,360.346
60125,2026-10-05T06:42:07.160256,358.96,360.465
60183,2026-10-05T20:27:18.938592,358.713,360.81
60184,2026-10-05T20:20:15.022176,358.823,360.69
60185,2026-10-05T20:13:12.419040,358.978,360.588
60186,2026-10-05T12:27:41.590368,358.919,360.584
60187,2026-10-05T19:59:04.267392,359.124,360.468
60188,2026-10-05T19:52:08.461344,358.926,360.642
60189,2026-10-05T22:48:27.247104,358.962,360.626
60190,2026-10-05T22:41:22.527168,358.917,360.65
60191,2026-10-05T19:30:55.348704,359.015,360.379
60192,2026-10-05T19:23:52.946016,358.979,360.576
60193,2026-10-05T02:28:16.048128,359.15,360.26
60194,2026-10-05T02:21:12.256992,358.918,360.489
60195,2026-10-05T19:02:42.139392,359.026,360.551
60203,2026-10-05T20:16:55.555680,301.461,310.806
60209,2026-10-05T14:20:38.246496,326.169,336.352
60246,2026-10-05T14:18:51.365376,330.428,350.516
60301,2026-10-05T22:36:05.718240,359.016,360.581
60302,2026-10-05T22:29:01.818240,359.084,360.499
60303,2026-10-05T22:21:58.344192,359.109,360.523
60304,2026-10-05T22:14:53.875680,359.487,360.149
60305,2026-10-05T22:07:50.073312,359.058,360.523
60306,2026-10-05T22:00:46.556928,359.327,360.285
60307,2026-10-05T21:46:37.838496,358.796,360.748
60308,2026-10-05T21:53:44.679552,358.333,360.822
60309,2026-10-05T21:39:33.199776,359.204,360.317
60310,2026-10-05T21:32:30.935328,358.921,360.697
60312,2026-10-05T18:15:08.845056,359.124,360.414
60313,2026-10-05T22:43:07.858272,358.958,360.549
60399,2026-10-05T20:29:05.234784,359.33,360.331
60400,2026-10-05T20:22:01.174080,359.139,360.481
60401,2026-10-05T20:14:57.261984,359.161,360.458
60402,2026-10-05T20:07:53.901984,359.171,360.471
60403,2026-10-05T21:32:36.904704,358.999,360.446
60404,2026-10-05T21:25:35.934528,359.031,360.623
60405,2026-10-05T19:46:50.549088,359.094,360.486
60406,2026-10-05T21:11:27.324960,359.217,360.196
60407,2026-10-05T21:04:24.839328,358.229,361.435
60408,2026-10-05T20:57:20.777760,358.438,361.206
60409,2026-10-05T20:43:13.441728,359.057,360.669
60410,2026-10-05T20:36:08.942112,359.188,360.473
60454,2026-10-05T20:15:09.167040,396.09,400.738
60520,2026-10-05T18:57:32.855040,280.804,288.543
60556,2026-10-05T19:14:29.802048,380.199,383.147
60720,2026-10-05T22:39:38.101536,358.976,360.576
60721,2026-10-05T22:32:34.766592,359.116,360.484
60722,2026-10-05T22:25:29.942112,359.305,360.235
60723,2026-10-05T22:11:22.575840,359.069,360.514
60724,2026-10-05T22:18:27.583488,359.09,360.553
60725,2026-10-05T22:04:18.927264,359.224,360.319
60726,2026-10-05T21:57:16.642080,359.079,360.591
60727,2026-10-05T21:50:12.787008,359.043,360.635
60728,2026-10-05T21:43:08.891328,359.098,360.56
60729,2026-10-05T21:36:04.783968,359.131,360.506
60730,2026-10-05T21:29:00.743136,358.918,360.703
60731,2026-10-05T21:21:57.063456,358.967,360.682
60732,2026-10-05T21:14:52.765152,359.12,360.516
60745,2026-10-05T23:20:20.625216,385.444,389.446
60903,2026-10-05T21:34:16.983552,359.355,360.184
60904,2026-10-05T21:27:14.704416,359.319,360.336
60905,2026-10-05T22:44:55.699296,359.207,360.341
60906,2026-10-05T22:37:52.841280,358.961,360.681
60907,2026-10-05T22:30:48.838464,358.947,360.649
60908,2026-10-05T22:23:45.305664,358.947,360.714
60909,2026-10-05T21:20:18.121632,359.024,360.506
60910,2026-10-05T22:16:40.345536,358.742,360.857
60911,2026-10-05T22:09:36.170784,359.063,360.479
60912,2026-10-05T22:02:31.868160,359.286,360.306
60913,2026-10-05T21:55:29.337600,359.35,360.286
60915,2026-10-05T21:41:20.908608,358.929,360.609
60924,2026-10-05T17:02:53.827008,359.072,360.57
60925,2026-10-05T16:41:42.023328,359.272,360.363
60926,2026-10-05T13:24:11.819232,359.277,360.313
60927,2026-10-05T16:34:37.636032,359.45,360.154
60928,2026-10-05T16:20:30.392448,359.123,360.472
60929,2026-10-05T22:20:09.624480,358.976,360.429
60930,2026-10-05T16:06:23.067648,359.278,360.372
60931,2026-10-05T17:31:00.147648,358.845,360.773
60932,2026-10-05T17:23:55.550400,359.168,360.349
60933,2026-10-05T15:45:10.857888,359.122,360.439
60934,2026-10-05T15:38:07.331136,359.145,360.462
60935,2026-10-05T16:55:49.174464,358.851,360.689
60936,2026-10-05T15:17:04.762752,359.07,360.564
60945,2026-10-05T22:37:54.283296,381.568,387.606
60991,2026-10-05T09:24:19.244160,359.05,360.361
60992,2026-10-05T09:45:30.513888,358.94,360.458
60993,2026-10-05T10:34:58.346976,358.937,360.562
60994,2026-10-05T10:27:54.596448,358.317,361.177
60995,2026-10-05T10:20:49.009056,358.141,361.165
60996,2026-10-05T10:13:46.704000,359.149,360.355
60997,2026-10-05T08:37:42.032928,359.076,360.331
60998,2026-10-05T10:06:41.463936,358.559,360.788
60999,2026-10-05T17:38:03.812640,358.445,360.78
61000,2026-10-05T09:52:36.087456,358.996,360.594
61001,2026-10-05T11:10:08.488128,358.752,360.726
61002,2026-10-05T09:31:23.006784,359.23,360.181
61050,2026-10-05T12:17:11.723136,359.227,360.393
61051,2026-10-05T12:10:07.958784,359.044,360.585
61053,2026-10-05T14:59:21.917472,358.99,360.611
61054,2026-10-05T11:48:55.731744,359.004,360.556
61055,2026-10-05T11:41:50.151264,358.806,360.614
61056,2026-10-05T11:34:45.975648,359.138,360.311
61057,2026-10-05T11:27:53.765568,359.116,360.475
61058,2026-10-05T11:20:49.988256,358.817,360.798
61059,2026-10-05T11:13:45.725376,358.901,360.67
61060,2026-10-05T12:38:25.113984,359.258,360.485
61061,2026-10-05T12:31:18.956352,359.039,360.543
61062,2026-10-05T12:24:15.329376,359.203,360.404
61180,2026-10-04T12:55:23.787264,341.436,344.696
61200,2026-10-05T20:18:32.739264,358.92,360.508
61201,2026-10-05T20:11:28.216320,358.991,360.462
61202,2026-10-05T03:15:51.523200,358.827,360.534
61203,2026-10-05T19:57:23.173344,358.827,360.801
61204,2026-10-05T21:21:59.195808,358.837,360.7
61205,2026-10-05T13:29:25.414944,358.955,360.525
61206,2026-10-05T21:00:48.753792,359.377,360.245
61207,2026-10-05T21:14:54.859488,359.07,360.4
61208,2026-10-05T20:53:44.019168,358.862,360.682
61209,2026-10-05T20:46:40.188288,358.913,360.654
61210,2026-10-05T22:11:25.906560,358.966,360.503
61211,2026-10-05T02:12:27.085824,359.123,360.315
61212,2026-10-05T03:37:04.089792,358.888,360.445
61229,2026-10-05T23:23:18.849408,391.327,403.286
61243,2026-10-05T21:50:14.016480,359.062,360.619
61244,2026-10-05T21:43:10.221888,359.071,360.62
61245,2026-10-05T21:29:02.199840,358.999,360.625
61246,2026-10-05T21:36:06.062688,359.042,360.606
61247,2026-10-05T21:21:57.865248,359.179,360.423
61248,2026-10-05T21:14:54.298752,359.233,360.41
61249,2026-10-05T21:07:50.785824,359.148,360.462
61251,2026-10-05T19:22:06.651552,359.113,360.267
61252,2026-10-05T22:18:29.015136,359.103,360.538
61253,2026-10-05T19:08:03.060960,358.918,360.74
61254,2026-10-05T22:04:21.387072,359.04,360.604
61255,2026-10-05T21:57:17.683200,359.114,360.547
61532,2026-10-05T17:15:09.341568,359.08,360.387
61533,2026-10-05T17:01:01.939872,358.911,360.605
61534,2026-10-05T17:08:05.713728,359.085,360.418
61535,2026-10-05T06:05:05.685792,359.251,360.166
61536,2026-10-05T06:12:10.560384,358.629,360.834
61538,2026-10-05T07:22:38.679168,359.183,360.143
61539,2026-10-05T07:15:36.151200,358.993,360.469
61540,2026-10-05T17:50:20.035680,359.103,360.395
61541,2026-10-05T07:01:36.566112,358.959,360.47
61542,2026-10-05T17:36:21.187584,359.032,360.492
61543,2026-10-05T17:29:17.841408,358.521,360.949
61544,2026-10-05T06:40:24.717504,359.137,360.253
61574,2026-10-05T10:33:08.654400,358.995,360.572
61575,2026-10-05T10:26:04.198848,359.176,360.279
61576,2026-10-05T10:19:02.157312,358.997,360.61
61577,2026-10-05T10:11:55.680864,359.305,360.233
61578,2026-10-05T10:04:56.196768,359.11,360.636
61579,2026-10-05T11:29:31.070976,359.05,360.492
61580,2026-10-05T11:22:27.498432,359.052,360.44
61581,2026-10-05T09:43:51.284352,358.772,360.765
61582,2026-10-05T11:08:27.708576,359.409,360.158
61583,2026-10-05T12:33:05.672448,359.081,360.476
61584,2026-10-05T10:54:21.199392,358.878,360.723
61585,2026-10-05T16:53:59.917344,358.737,360.715
61586,2026-10-05T10:40:11.362080,358.98,360.426
61642,2026-10-05T22:00:01.999584,304.038,338.733
61687,2026-10-05T16:50:33.518976,358.969,360.685
61688,2026-10-05T16:43:28.758432,359.232,360.343
61689,2026-10-05T16:36:25.537536,359.201,360.452
61690,2026-10-05T18:01:02.671968,359.307,360.343
61691,2026-10-05T19:18:36.300384,359.155,360.482
61692,2026-10-05T19:25:39.998208,359.296,360.354
61693,2026-10-05T19:11:32.073792,359.305,360.324
61694,2026-10-05T20:36:09.668736,359.197,360.457
61695,2026-10-05T20:29:05.983008,359.075,360.598
61696,2026-10-05T18:50:20.770368,358.965,360.671
61697,2026-10-05T20:14:58.865568,359.118,360.604
61699,2026-10-05T20:00:50.341536,359.074,360.56
61744,2026-10-05T22:01:32.100960,388.727,395.44
61745,2026-10-05T22:56:14.234784,335.442,340.945
61748,2026-10-05T21:19:29.779968,213.195,220.685
61749,2026-10-05T22:05:04.559424,375.035,380.535
61750,2026-10-05T21:47:06.321984,374.71,379.609
61753,2026-10-05T22:37:52.067136,375.754,380.454
61754,2026-10-05T21:16:52.209696,349.094,354.224
61756,2026-10-05T21:28:38.993664,252.728,258.729
61760,2026-10-05T22:26:16.521216,249.841,258.014
61761,2026-10-05T22:26:48.205824,365.81,370.622
61763,2026-10-05T22:37:12.889056,383.653,387.252
61764,2026-10-05T22:14:59.822592,380.436,386.841
61769,2026-10-05T21:35:45.779424,382.376,385.635
61771,2026-10-05T22:38:00.207744,356.042,361.139
61773,2026-10-05T21:43:00.209856,351.695,356.331
61774,2026-10-05T21:54:55.033344,340.746,345.263
61776,2026-10-05T22:04:45.356160,338.415,342.888
61778,2026-10-05T22:36:03.700800,356.485,361.323
61780,2026-10-05T21:31:50.443104,349.753,354.714
61784,2026-10-05T22:46:21.999936,357.876,364.394
61785,2026-10-05T22:00:00.318240,334.062,340.283
61786,2026-10-05T21:31:21.914688,397.885,405.108
61788,2026-10-05T22:21:16.606080,355.105,359.633
61874,2026-10-05T15:08:17.910240,358.956,360.697
61875,2026-10-05T18:18:34.636032,359.091,360.54
61877,2026-10-05T17:57:32.089248,359.169,360.484
61878,2026-10-05T17:50:27.774528,359.118,360.499
61879,2026-10-05T17:43:23.974752,359.198,360.437
61880,2026-10-05T17:36:20.127456,359.285,360.355
61881,2026-10-05T15:57:35.000352,359.079,360.52
61882,2026-10-05T17:22:12.189216,359.361,360.248
61883,2026-10-05T17:08:04.698528,359.323,360.301
61884,2026-10-05T17:15:08.493120,359.343,360.258
61885,2026-10-05T18:32:41.977248,359.376,360.261
61886,2026-10-05T18:25:38.472096,359.322,360.314
61939,2026-10-05T22:37:45.469632,358.743,360.827
61940,2026-10-05T20:59:00.305376,359.02,360.465
61941,2026-10-05T22:23:37.866624,358.854,360.711
61942,2026-10-05T22:16:42.666240,358.907,360.632
61943,2026-10-05T22:09:38.792160,358.937,360.608
61944,2026-10-05T22:02:35.013120,358.835,360.661
61945,2026-10-05T21:55:31.048320,359.154,360.267
61946,2026-10-05T20:16:45.804576,358.847,360.687
61947,2026-10-05T21:41:23.394336,359.175,360.376
61948,2026-10-05T21:13:07.833216,358.462,361.11
61949,2026-10-05T22:51:53.316288,358.296,361.203
61950,2026-10-05T16:59:16.415232,359.115,360.411
61951,2026-10-05T21:27:15.729984,359.075,360.367
62008,2026-10-05T20:06:07.752672,359.25,360.471
62009,2026-10-05T21:00:38.375424,357.213,358.296
62010,2026-10-05T20:34:23.123712,359.152,360.443
62011,2026-10-05T22:27:15.992928,358.897,360.583
62012,2026-10-05T20:20:15.426528,358.365,361.214
62013,2026-10-05T21:44:52.935936,358.933,360.577
62014,2026-10-05T22:20:12.166368,359.261,360.264
62015,2026-10-05T21:30:45.191232,358.783,360.899
62016,2026-10-05T22:55:22.439712,358.955,360.563
62017,2026-10-05T22:13:08.186880,359.082,360.391
62018,2026-10-05T18:55:38.064864,358.776,361.0
62019,2026-10-05T21:09:42.249600,359.004,360.551
62020,2026-10-05T21:16:37.447392,358.94,360.771
62057,2026-10-05T21:48:23.196384,358.96,360.74
62058,2026-10-05T21:41:19.293792,359.018,360.554
62059,2026-10-05T20:59:04.978752,358.911,360.924
62060,2026-10-05T22:44:53.976480,358.849,360.868
62061,2026-10-05T20:52:01.382880,358.65,361.099
62062,2026-10-05T22:16:38.576928,358.959,360.638
62063,2026-10-05T22:37:50.157696,358.703,361.001
62064,2026-10-05T20:23:45.877056,359.114,360.635
62065,2026-10-05T21:34:16.285440,358.879,360.477
62066,2026-10-05T22:09:34.136064,359.124,360.4
62067,2026-10-05T21:27:20.454336,359.043,360.659
62068,2026-10-05T20:30:49.743360,358.8,361.02
62069,2026-10-05T21:20:16.296864,359.091,360.723
62088,2026-10-05T20:41:09.104352,355.521,357.108
62089,2026-10-05T20:33:30.189888,355.0,357.999
62090,2026-10-05T20:25:51.485376,355.327,357.582
62091,2026-10-05T20:18:12.942432,355.321,357.716
62092,2026-10-05T23:13:41.261088,355.66,357.298
62093,2026-10-05T21:34:28.797024,354.646,358.365
62094,2026-10-05T01:36:32.417568,355.183,357.199
62095,2026-10-05T22:50:45.151872,355.53,357.559
62096,2026-10-05T22:43:06.575232,355.458,357.648
62097,2026-10-05T21:03:53.872704,355.183,357.777
62098,2026-10-05T20:56:15.210528,355.672,357.139
62099,2026-10-05T13:10:48.243072,354.705,357.501
62190,2026-10-05T20:05:24.297792,369.031,375.693
62204,2026-10-05T22:00:01.999584,295.893,335.863
62218,2026-10-05T22:34:16.647744,358.688,361.076
62219,2026-10-05T21:09:39.204864,358.825,360.925
62220,2026-10-05T22:55:25.715136,357.715,361.572
62221,2026-10-05T23:09:35.273376,359.248,360.497
62222,2026-10-05T22:48:24.291360,358.24,361.589
62223,2026-10-05T21:58:56.506656,359.086,360.43
62224,2026-10-05T21:30:50.516064,359.124,360.685
62225,2026-10-05T22:06:01.304352,358.792,361.039
62226,2026-10-05T20:41:23.682624,358.493,361.248
62227,2026-10-05T22:27:12.603456,358.799,360.968
62228,2026-10-05T21:51:53.313408,359.068,360.717
62229,2026-10-05T20:48:27.575712,358.394,361.385
62230,2026-10-05T21:44:58.086240,358.905,360.697
62267,2026-10-05T22:17:02.677344,355.32,357.768
62268,2026-10-05T21:31:10.128000,355.256,357.897
62269,2026-10-05T21:23:31.317216,354.939,358.112
62270,2026-10-05T21:46:27.528384,354.859,358.225
62271,2026-10-05T21:08:26.651328,356.023,357.474
62272,2026-10-05T22:09:23.677344,355.283,357.881
62273,2026-10-05T19:21:34.086528,354.198,358.14
62274,2026-10-05T22:01:45.155136,355.267,357.863
62275,2026-10-05T21:16:04.052928,355.241,357.821
62276,2026-10-04T22:45:24.424704,354.571,358.273
62277,2026-10-05T21:54:06.447168,355.471,357.493
62278,2026-10-05T22:32:20.272992,355.036,358.133
62279,2026-10-05T21:17:22.641504,355.498,357.53
62385,2026-10-05T11:28:10.368192,378.187,387.642
62387,2026-10-04T21:29:22.612704,366.997,378.686
62391,2026-10-05T12:24:27.147168,399.757,413.057
62394,2026-10-04T12:06:26.064576,390.326,404.349
62395,2026-10-05T11:58:41.452896,397.047,404.054
62396,2026-10-05T10:53:54.417984,370.301,381.178
62399,2026-10-05T12:13:20.271360,393.356,400.694
62402,2026-10-04T21:09:15.237504,348.913,362.894
62404,2026-10-03T21:39:05.463648,376.101,386.501
62405,2026-10-05T09:20:09.715776,273.03,291.399
62409,2026-10-04T22:04:27.547392,354.926,357.277
62410,2026-10-05T07:21:27.105408,355.609,357.593
62411,2026-10-05T11:10:15.439008,354.303,358.212
62413,2026-10-05T12:18:53.116992,354.108,357.836
62414,2026-10-05T09:31:03.088128,354.705,357.539
62415,2026-10-05T10:54:59.313888,355.607,357.098
62416,2026-10-05T00:00:02.000160,355.139,357.236
62417,2026-10-05T11:33:11.742624,352.211,359.507
62418,2026-10-04T11:46:18.728256,355.742,357.19
62420,2026-10-05T11:40:50.463552,355.281,357.556
62421,2026-10-05T11:25:32.803968,352.732,358.995
62459,2026-10-05T20:14:56.990688,247.492,252.634
62460,2026-10-05T20:26:07.848672,248.993,253.901
62462,2026-10-05T17:57:05.268096,355.317,357.986
62463,2026-10-05T16:33:10.210464,355.635,357.906
62465,2026-10-05T17:41:47.399424,353.569,359.007
62466,2026-10-05T16:40:37.576704,354.827,358.323
62467,2026-10-05T17:49:25.461120,352.404,360.034
62468,2026-10-05T17:18:51.922656,355.074,357.507
62469,2026-10-05T22:00:01.999584,355.187,357.673
62470,2026-10-05T15:54:56.196288,354.734,358.479
62471,2026-10-05T16:55:55.149888,354.32,358.356
62472,2026-10-05T15:16:41.246400,354.341,358.316
62473,2026-10-05T17:34:07.606272,351.434,360.785
62474,2026-10-05T18:42:46.180224,354.568,358.781
62511,2026-10-05T14:35:59.243712,354.851,357.734
62512,2026-10-05T22:59:40.512192,353.224,359.039
62513,2026-10-05T22:36:43.977888,354.569,358.157
62514,2026-10-05T22:07:27.632640,355.147,358.01
62515,2026-10-05T21:58:30.420768,355.464,357.811
62516,2026-10-05T15:06:34.161120,354.634,357.664
62517,2026-10-04T22:42:09.505440,355.033,357.623
62518,2026-10-05T22:21:26.587008,355.597,357.62
62519,2026-10-05T22:29:05.460864,354.429,357.222
62520,2026-10-05T23:14:46.470624,355.048,358.021
62521,2026-10-05T15:14:12.712704,354.858,357.774
62522,2026-10-05T22:06:09.402624,355.865,357.34
62523,2026-10-05T23:22:25.336704,353.336,359.671
62554,2026-10-05T13:26:21.059808,354.717,357.073
62555,2026-10-04T10:05:55.588128,355.892,357.114
62556,2026-10-04T20:16:26.656608,354.675,357.723
62557,2026-10-05T09:29:53.498976,355.703,357.341
62558,2026-10-05T13:56:55.283424,354.117,358.533
62559,2026-10-05T09:37:32.202624,354.124,357.24
62560,2026-10-04T09:44:29.359968,355.757,357.24
62561,2026-10-04T10:13:34.236480,355.923,357.016
62562,2026-10-04T09:43:10.455168,355.787,357.256
62563,2026-10-04T19:30:34.568640,354.316,358.108
62564,2026-10-05T09:45:11.080800,355.687,356.61
62565,2026-10-05T09:52:49.781856,355.693,356.616
62566,2026-10-04T09:50:49.216704,355.054,358.158
62587,2026-10-05T01:55:23.454912,352.349,359.556
62588,2026-10-05T08:47:18.746880,355.552,356.656
62589,2026-10-05T01:40:06.083040,352.726,359.223
62590,2026-10-05T22:08:25.599264,354.615,358.424
62591,2026-10-05T01:47:44.644992,352.745,359.281
62592,2026-10-04T18:32:53.608416,355.164,357.41
62593,2026-10-05T02:03:02.022048,353.484,358.743
62595,2026-10-04T03:32:23.796960,354.338,358.666
62597,2026-10-05T18:04:19.489440,354.995,357.863
62598,2026-10-05T18:11:56.050368,350.467,361.821
62599,2026-10-04T08:45:18.248256,355.492,357.541
62607,2026-10-05T22:00:01.999584,324.557,364.865
62617,2026-10-05T19:43:55.920000,347.101,352.848
62628,2026-10-05T14:45:04.449312,302.917,1116.032
62644,2026-10-04T17:48:20.300832,387.485,388.112
62756,2026-10-05T19:38:31.758432,335.696,338.419
62757,2026-10-05T16:36:32.908320,335.901,338.119
62783,2026-10-05T22:48:12.690432,365.517,374.389
62826,2026-10-05T22:00:01.999584,372.993,379.727
62829,2026-10-05T22:58:02.866368,355.351,356.982
62830,2026-10-05T21:57:02.949408,356.002,357.259
62831,2026-10-05T22:42:56.248704,355.062,356.916
62832,2026-10-05T22:19:56.806176,350.386,361.968
62833,2026-10-05T22:27:38.335968,354.923,357.103
62834,2026-10-05T21:34:06.488544,353.904,357.861
62835,2026-10-05T21:19:00.514560,354.603,357.621
62836,2026-10-05T22:04:40.584288,352.704,359.457
62837,2026-10-05T21:41:44.494944,353.048,359.266
62838,2026-10-04T21:10:27.427296,355.536,356.726
62839,2026-10-05T22:35:15.310752,352.06,359.992
62840,2026-10-05T21:49:24.485952,356.196,357.147
62841,2026-10-05T22:12:20.260800,355.263,358.04
62879,2026-10-05T12:23:23.608608,355.324,357.912
62880,2026-10-04T12:36:29.361312,354.7,357.987
62881,2026-10-05T15:03:34.916544,355.136,358.002
62882,2026-10-05T09:12:37.664064,355.186,357.559
62883,2026-10-05T05:46:33.850848,355.33,357.079
62884,2026-10-05T12:08:06.239328,354.227,358.376
62885,2026-10-05T08:11:27.530304,353.052,358.509
62886,2026-10-05T11:22:13.944000,353.548,358.177
62887,2026-10-05T13:16:43.827456,355.315,357.638
62888,2026-10-05T08:20:25.129248,354.867,357.759
62889,2026-10-04T12:44:07.756512,354.512,358.095
62890,2026-10-05T12:38:40.884576,354.857,358.291
62891,2026-10-05T12:31:02.287200,355.574,357.307
62907,2026-10-05T20:23:28.690368,355.522,357.668
62908,2026-10-05T09:04:19.916256,355.899,356.682
62909,2026-10-05T00:56:07.618848,354.339,358.064
62910,2026-10-05T16:57:24.586848,355.334,357.418
62911,2026-10-05T17:12:42.054624,355.362,357.367
62912,2026-10-05T01:11:13.855488,354.145,358.247
62913,2026-10-05T17:27:59.467104,355.378,357.311
62914,2026-10-05T17:35:38.238144,355.264,357.04
62915,2026-10-05T17:36:56.688480,355.012,357.199
62916,2026-10-05T19:22:31.847520,355.433,357.814
62917,2026-10-05T17:05:03.087456,355.206,357.518
62918,2026-10-05T22:00:01.999584,355.56,357.596
62919,2026-10-05T18:06:02.493792,353.427,359.756
62981,2026-10-05T18:02:47.529600,355.198,357.471
62982,2026-10-05T18:25:44.115744,355.802,357.287
62983,2026-10-05T17:47:41.501184,355.745,357.63
62984,2026-10-05T18:18:05.233248,355.32,357.477
62985,2026-10-05T20:12:35.599680,353.053,359.421
62986,2026-10-05T17:55:09.318432,355.839,356.865
62987,2026-10-05T00:14:39.920064,354.983,357.389
62988,2026-10-05T10:32:39.297408,355.654,356.886
62989,2026-10-05T18:56:18.843936,355.013,357.707
62990,2026-10-05T18:19:24.043872,353.836,358.41
62991,2026-10-05T00:45:14.725152,355.451,356.991
62992,2026-10-05T22:00:01.999584,355.377,357.729
62993,2026-10-05T20:20:14.007840,355.268,357.709
63005,2026-10-05T16:16:34.770144,355.519,357.508
63006,2026-10-05T16:01:28.073856,355.031,358.037
63007,2026-10-05T16:08:56.008608,355.109,357.913
63008,2026-10-05T12:44:21.930432,354.501,357.517
63009,2026-10-05T09:17:00.384000,352.599,359.546
63010,2026-10-05T22:00:01.999584,355.416,357.663
63011,2026-10-05T13:28:44.031072,355.474,357.622
63012,2026-10-05T22:00:01.999584,355.183,357.563
63013,2026-10-05T07:53:05.043840,355.458,357.353
63014,2026-10-05T12:50:41.896032,354.368,358.181
63015,2026-10-05T13:21:05.610816,355.459,357.41
63016,2026-10-04T23:52:21.181440,355.333,357.102
63017,2026-10-05T12:43:03.124128,354.558,357.572
63052,2026-10-05T18:30:07.812000,352.183,359.953
63053,2026-10-05T23:12:27.624096,354.896,357.797
63054,2026-10-05T20:55:12.628416,355.188,357.635
63055,2026-10-05T22:41:52.228896,355.208,357.895
63056,2026-10-05T19:08:21.366528,355.441,357.305
63057,2026-10-05T18:44:22.460928,353.915,356.059
63058,2026-10-05T01:12:34.310304,354.914,357.507
63059,2026-10-05T19:16:00.052032,355.388,357.524
63060,2026-10-05T19:00:42.701760,355.311,357.347
63061,2026-10-05T22:12:47.697984,354.804,357.625
63062,2026-10-05T18:53:03.674976,355.514,357.264
63063,2026-10-05T15:19:21.786240,354.004,358.554
63064,2026-10-05T21:17:56.931936,356.353,357.824
63104,2026-10-05T16:14:32.150400,354.694,357.461
63105,2026-10-05T18:48:34.305696,353.633,359.141
63106,2026-10-05T20:18:49.061952,352.826,359.969
63107,2026-10-05T18:01:22.699488,352.216,359.802
63108,2026-10-05T22:00:01.999584,355.384,357.696
63109,2026-10-05T18:31:58.546560,355.569,357.804
63110,2026-10-04T19:15:38.154816,354.519,358.185
63111,2026-10-05T18:39:36.499392,352.951,359.703
63112,2026-10-05T17:23:20.726016,354.374,358.544
63113,2026-10-05T19:48:14.826240,355.11,358.21
63114,2026-10-05T17:53:45.691872,354.659,357.084
63115,2026-10-05T16:06:53.644608,355.022,357.39
63116,2026-10-05T17:30:49.091904,354.793,358.125
63132,2026-10-05T22:00:01.999584,355.282,357.78
63133,2026-10-04T17:25:41.097504,355.44,357.499
63134,2026-10-05T18:59:16.068480,355.426,357.935
63135,2026-10-04T17:10:24.818592,354.934,357.717
63136,2026-10-05T17:43:00.196608,354.771,357.431
63137,2026-10-05T21:10:12.207936,354.9,357.069
63138,2026-10-05T18:28:40.799424,355.406,357.829
63139,2026-10-05T17:04:45.796224,354.419,358.146
63140,2026-10-05T21:16:31.118592,355.439,357.812
63141,2026-10-05T21:24:09.451584,354.746,358.365
63142,2026-10-05T16:26:32.225280,353.235,359.509
63143,2026-10-05T21:08:51.800640,353.703,359.358
63144,2026-10-05T18:44:00.028032,354.043,358.219
63183,2026-10-05T14:46:36.183648,356.014,356.28
63184,2026-10-05T22:16:46.094592,355.168,358.032
63185,2026-10-05T07:46:51.510720,355.515,357.073
63186,2026-10-05T22:47:09.958848,355.115,357.902
63187,2026-10-04T23:38:39.062112,354.631,357.945
63188,2026-10-05T16:00:01.999584,355.512,357.878
63189,2026-10-05T14:08:22.022592,355.506,357.095
63190,2026-10-04T23:39:57.813984,354.345,358.091
63191,2026-10-05T15:32:16.536768,354.981,357.292
63192,2026-10-05T00:31:59.141856,355.287,357.498
63193,2026-10-05T22:54:48.368736,354.444,358.183
63194,2026-10-05T17:34:25.945536,353.981,358.021
63195,2026-10-04T23:46:17.877216,354.724,357.632
63209,2026-10-05T22:27:42.364800,396.369,402.037
63212,2026-10-05T16:37:39.776736,329.475,341.418
63265,2026-10-05T17:29:24.639360,354.406,357.87
63266,2026-10-05T21:56:26.848032,355.181,357.983
63267,2026-10-05T18:00:00.076032,355.233,357.201
63268,2026-10-05T09:21:01.502208,355.223,357.486
63269,2026-10-05T21:41:09.814848,355.408,356.61
63270,2026-10-05T17:52:21.282528,354.565,357.81
63271,2026-10-05T01:28:07.114080,355.383,357.151
63272,2026-10-05T17:37:03.051840,354.481,358.199
63273,2026-10-05T12:16:29.630784,355.358,357.217
63274,2026-10-05T08:35:20.383584,353.578,358.043
63275,2026-10-05T17:14:07.448064,354.846,357.545
63276,2026-10-04T17:42:41.473728,355.385,357.223
63307,2026-10-05T17:16:43.969440,354.149,357.927
63308,2026-10-05T19:26:30.847200,353.717,358.997
63309,2026-10-05T19:03:33.610464,355.332,357.547
63310,2026-10-05T21:28:40.173024,355.205,358.171
63311,2026-10-05T21:36:18.779904,355.075,358.207
63312,2026-10-05T19:43:07.531680,354.302,358.303
63313,2026-10-05T19:41:48.619104,354.179,358.557
63314,2026-10-05T18:02:36.438432,355.99,356.631
63315,2026-10-05T19:18:52.028640,353.66,359.025
63316,2026-10-05T19:49:26.958144,352.507,359.385
63317,2026-10-05T18:40:39.103104,354.837,357.134
63318,2026-10-05T20:27:30.067776,355.829,357.587
63319,2026-10-05T19:11:13.397568,353.974,358.765
63379,2026-10-05T22:00:01.999584,385.271,393.253
63548,2026-10-04T21:06:29.250144,354.968,357.39
63549,2026-10-04T11:03:47.731104,355.828,357.081
63550,2026-10-05T10:27:46.548288,354.897,357.507
63551,2026-10-05T20:01:10.180704,351.254,361.031
63552,2026-10-04T10:40:51.614976,356.038,356.977
63553,2026-10-05T05:07:12.698688,354.643,357.327
63554,2026-10-05T22:00:01.999584,355.587,357.588
63556,2026-10-05T22:00:01.999584,355.476,357.631
63557,2026-10-05T22:00:01.999584,355.359,357.793
63558,2026-10-05T10:12:28.386720,354.296,358.207
63559,2026-10-04T10:33:12.927744,355.332,357.692
63560,2026-10-04T10:56:09.167424,355.312,357.763
63664,2026-10-05T19:38:27.910176,352.25,359.774
63665,2026-10-05T22:33:57.400416,354.665,358.68
63667,2026-10-05T20:54:56.253888,355.385,357.985
63668,2026-10-05T20:47:17.580480,355.396,357.991
63669,2026-10-05T20:39:38.765376,355.333,357.895
63670,2026-10-05T05:16:23.773440,355.681,356.89
63671,2026-10-05T21:55:55.218720,355.363,357.883
63672,2026-10-05T21:48:16.121088,355.332,357.937
63673,2026-10-05T21:40:37.516800,355.618,357.817
63674,2026-10-05T21:32:58.230816,353.156,359.389
63675,2026-10-05T22:56:54.742560,355.46,357.848
63676,2026-10-05T19:46:07.220352,354.566,358.474
63751,2026-10-05T21:45:05.844960,353.801,358.51
63752,2026-10-05T22:38:26.021472,355.517,357.914
63753,2026-10-05T20:43:55.922016,354.511,358.104
63754,2026-10-05T22:53:43.592064,355.29,357.955
63755,2026-10-05T21:37:27.887808,354.765,357.181
63756,2026-10-05T21:14:31.585920,354.525,357.773
63757,2026-10-05T22:00:12.433248,355.586,357.776
63758,2026-10-04T21:04:50.359296,353.741,358.452
63759,2026-10-05T22:30:47.087136,355.055,358.294
63760,2026-10-04T21:42:52.885728,354.32,358.152
63761,2026-10-05T20:51:34.648128,354.456,358.142
63762,2026-10-04T22:59:20.537376,355.345,357.539
63763,2026-10-05T21:00:32.358528,355.382,357.63
63819,2026-10-05T13:31:02.449920,299.493,325.741
64064,2026-10-05T23:16:05.473920,354.243,357.622
64065,2026-10-05T22:45:30.433824,355.754,357.433
64066,2026-10-05T16:16:19.432416,355.09,357.383
64067,2026-10-05T00:45:25.518240,355.282,357.093
64068,2026-10-05T16:55:51.883104,354.671,357.453
64069,2026-10-05T00:30:19.379232,355.485,357.079
64070,2026-10-05T16:31:36.384384,354.466,357.853
64071,2026-10-05T16:54:33.635808,356.077,356.997
64072,2026-10-05T20:43:21.778464,353.77,359.134
64073,2026-10-05T17:02:11.875488,354.707,357.427
64074,2026-10-05T16:46:52.906080,354.466,357.579
64075,2026-10-05T16:23:58.021152,354.464,357.645
64076,2026-10-05T00:37:45.811488,354.719,357.655
64123,2026-10-05T16:37:50.825568,354.419,358.137
64124,2026-10-05T08:14:11.162400,355.93,356.756
64125,2026-10-05T08:37:07.111776,355.619,357.039
64126,2026-10-05T08:44:46.148928,355.752,356.878
64127,2026-10-05T17:00:35.977536,354.325,357.927
64128,2026-10-05T16:00:01.999584,355.638,357.776
64129,2026-10-05T00:21:05.315040,355.012,357.736
64130,2026-10-05T08:29:28.717440,355.778,356.819
64131,2026-10-05T08:06:33.620832,355.177,357.458
64132,2026-10-05T16:39:09.316512,354.62,357.823
64133,2026-10-05T08:52:24.606336,355.947,356.715
64134,2026-10-05T00:05:47.544864,354.234,358.183
64135,2026-10-05T16:45:29.536128,354.591,357.975
64233,2026-10-05T14:12:40.351680,355.011,357.698
64234,2026-10-05T16:05:53.030688,355.305,357.873
64235,2026-10-05T18:23:08.004768,355.056,358.063
64236,2026-10-05T18:00:12.163392,355.401,357.448
64237,2026-10-05T17:14:30.522912,355.211,357.992
64238,2026-10-05T14:19:01.616736,355.209,357.786
64239,2026-10-05T17:44:54.610944,355.864,357.257
64240,2026-10-05T16:59:12.691392,354.76,358.28
64241,2026-10-05T16:43:54.599808,352.862,359.717
64242,2026-10-05T15:04:42.751776,354.941,358.206
64244,2026-10-05T17:06:51.570432,354.97,358.204
64245,2026-10-05T16:21:00.274752,355.393,356.638
64317,2026-10-05T21:53:01.887360,355.664,357.576
64318,2026-10-05T19:50:52.978848,355.516,357.55
64319,2026-10-05T19:35:35.641536,355.95,357.003
64320,2026-10-05T02:10:23.220192,355.117,357.558
64321,2026-10-05T20:13:49.189152,356.17,356.594
64322,2026-10-05T19:58:31.445760,355.647,357.319
64323,2026-10-05T22:15:43.317216,355.395,357.826
64324,2026-10-05T19:27:57.439008,355.736,357.356
64325,2026-10-05T19:36:54.276768,355.149,357.886
64327,2026-10-05T19:20:18.401856,355.775,356.858
64328,2026-10-04T22:21:23.785056,355.253,357.661
64329,2026-10-05T20:36:34.139808,354.579,358.627
64370,2026-10-05T23:19:15.061440,355.928,357.207
64371,2026-10-05T22:10:38.018496,354.677,357.751
64372,2026-10-05T06:09:08.186400,355.308,357.218
64373,2026-10-05T22:27:13.886496,354.498,358.043
64374,2026-10-05T22:33:22.849920,352.487,360.031
64375,2026-10-05T22:25:54.957504,355.275,357.175
64376,2026-10-05T23:11:36.331872,355.53,357.749
64377,2026-10-05T00:41:07.546848,354.744,357.846
64378,2026-10-05T06:01:29.347968,355.791,356.789
64379,2026-10-05T22:18:16.187328,355.514,357.17
64380,2026-10-05T15:49:05.115936,354.541,357.587
64381,2026-10-05T23:03:57.471840,355.359,357.747
64382,2026-10-05T08:56:57.345216,354.946,357.568
65015,2026-10-05T18:24:41.159520,342.566,344.932
65267,2026-10-05T16:24:57.669120,279.955,288.815
65268,2026-10-02T12:03:55.647360,280.152,288.421
65269,2026-10-05T23:11:11.714784,279.759,289.054
65270,2026-10-05T14:32:08.744928,280.29,288.587
66515,2026-10-04T21:26:10.863456,301.256,314.353
66906,2026-10-05T20:09:38.452896,351.225,357.122
67091,2026-10-05T22:00:01.999584,357.336,373.61
67102,2026-10-05T22:00:01.999584,354.558,356.815
67253,2026-10-05T18:42:53.504352,382.397,388.531
67254,2026-10-05T17:56:49.190784,382.678,388.046
67481,2026-10-05T12:08:05.302752,336.64,353.719
67674,2026-10-05T20:40:42.793824,317.851,326.661
67683,2026-10-05T17:39:59.846112,348.865,360.541
67685,2026-10-05T20:24:44.717184,333.873,347.039
67686,2026-10-05T19:56:06.912384,282.391,295.287
67687,2026-10-05T20:34:00.993216,319.628,332.842
67688,2026-10-05T18:49:31.270080,313.329,324.558
68028,2026-10-05T20:13:26.973120,382.268,394.551
68206,2026-10-05T16:26:12.144192,276.704,870.995
68370,2026-10-05T22:26:52.244160,363.64,376.999
68373,2026-10-05T18:42:57.681792,343.615,359.987
68826,2026-10-05T16:55:38.701920,303.07,312.671
68827,2026-10-05T22:34:46.192224,300.443,315.026
68828,2026-10-05T17:37:16.685760,301.045,315.018
68829,2026-10-05T17:17:34.227456,301.052,314.752
69049,2026-10-05T17:00:20.974176,385.546,387.774
69095,2026-10-05T19:35:22.394688,195.03,579.651
69180,2026-10-05T17:00:20.974176,385.546,387.774
69328,2026-10-05T04:39:06.177600,372.026,378.181
69473,2026-10-05T22:28:39.844992,393.917,406.293
69648,2026-10-05T22:07:59.386368,398.657,406.745
69684,2026-10-05T21:14:30.886944,343.042,344.972
69726,2026-10-05T15:59:52.609632,343.263,345.424
69727,2026-10-05T21:19:03.032256,342.907,345.446
69794,2026-10-05T21:30:58.101984,396.543,407.982
69795,2026-10-05T22:33:54.722016,381.263,392.653
69796,2026-10-05T18:10:23.486592,388.646,401.696
69797,2026-10-05T16:38:26.173536,388.15,402.709
69798,2026-10-05T18:17:09.385152,396.476,409.096
69799,2026-10-05T17:59:42.099648,387.169,401.738
100083,2026-10-05T22:07:20.293824,247.179,271.125
100089,2026-10-05T18:50:04.655904,243.536,266.296
100092,2026-10-05T15:44:28.850208,308.622,323.089
100102,2026-10-05T14:36:31.737024,343.045,345.49
100103,2026-10-05T13:56:49.562880,343.473,344.8
100104,2026-10-05T15:02:54.135744,342.738,345.864
100105,2026-10-05T14:39:30.852864,343.131,345.229
100106,2026-10-05T14:53:45.142368,342.799,345.64
100107,2026-10-05T18:48:02.366208,343.329,345.041
100108,2026-10-05T14:27:49.797216,343.042,345.605
100109,2026-10-05T23:27:34.424928,342.684,345.104
100110,2026-10-05T23:11:18.307968,342.617,345.121
100111,2026-10-05T23:08:15.528768,342.578,345.409
100112,2026-10-05T15:05:29.234112,343.116,345.385
100113,2026-10-05T14:24:48.973248,342.875,345.581
100114,2026-10-05T23:03:10.549728,342.679,345.387
100115,2026-10-05T13:16:41.342592,342.563,345.06
100116,2026-10-05T14:42:36.656928,342.978,345.483
100117,2026-10-05T23:30:37.625760,342.22,345.779
100118,2026-10-05T22:54:32.554944,342.846,345.473
100119,2026-10-05T13:39:33.767712,343.288,345.042
100120,2026-10-05T22:51:27.416160,343.388,344.85
100121,2026-10-05T14:30:52.779456,343.111,345.547
100122,2026-10-05T14:59:21.764544,342.636,345.716
100123,2026-10-05T23:00:08.394336,342.982,345.348
100124,2026-10-05T14:08:03.118272,343.089,345.29
100171,2026-10-05T15:38:51.247392,343.377,345.29
100202,2026-10-05T13:09:02.835072,343.358,345.108
100263,2026-10-05T16:12:07.437312,343.439,345.253
100265,2026-10-05T22:12:27.891648,343.215,345.065
100371,2026-10-05T12:57:32.087808,340.556,347.263
100502,2026-10-05T20:50:58.526016,335.358,339.537
100503,2026-10-05T20:18:58.035456,361.645,366.002
100504,2026-10-05T22:00:01.999584,361.505,365.907
100505,2026-10-05T22:00:01.999584,361.102,366.69
100506,2026-10-05T20:02:16.385568,335.124,339.549
100507,2026-10-05T22:00:01.999584,361.405,366.255
100508,2026-10-05T22:00:01.999584,361.655,366.115
100509,2026-10-05T20:53:09.191328,361.386,366.164
100510,2026-10-05T20:02:53.376864,361.063,366.582
100511,2026-10-05T22:00:01.999584,361.653,366.154
100512,2026-10-05T22:00:01.999584,361.615,366.041
100513,2026-10-03T21:46:14.763648,335.776,339.884
100514,2026-10-05T20:43:58.192608,361.374,366.359
100515,2026-10-05T22:00:01.999584,361.476,365.951
100516,2026-10-05T20:13:51.720672,361.298,366.268
100517,2026-10-05T22:02:17.810880,361.54,366.151
100518,2026-10-03T20:26:22.868448,335.627,340.707
100519,2026-10-05T22:00:01.999584,350.23,355.216
100520,2026-10-05T21:14:35.365056,361.804,365.854
100521,2026-10-05T22:00:01.999584,358.357,363.218
100522,2026-10-05T22:00:01.999584,356.526,362.199
100523,2026-10-05T21:08:12.443712,361.754,365.917
100524,2026-10-05T20:39:33.597792,335.074,339.633
100525,2026-10-05T22:00:01.999584,351.572,356.791
100526,2026-10-05T20:55:57.991872,362.188,365.555
100527,2026-10-05T23:02:44.057760,340.797,345.32
100528,2026-10-05T20:00:05.186304,361.349,366.281
100534,2026-10-05T22:03:50.006592,335.479,339.262
100535,2026-10-05T22:00:01.999584,361.299,365.934
100536,2026-10-05T23:04:23.101536,361.593,366.171
100537,2026-10-05T21:58:18.069888,361.508,366.059
100538,2026-10-05T22:00:01.999584,361.378,366.372
100539,2026-10-05T22:00:01.999584,361.432,366.361
100540,2026-10-05T20:58:05.376576,361.519,366.111
100541,2026-10-05T22:00:01.999584,361.104,366.357
100542,2026-10-05T21:22:19.663968,361.278,366.201
100543,2026-10-05T19:12:45.599328,335.769,341.835
100544,2026-10-05T21:34:19.360416,361.58,366.116
100545,2026-10-05T21:03:59.617440,334.718,339.808
100546,2026-10-05T21:47:35.304864,361.771,365.886
100547,2026-10-05T22:00:01.999584,361.734,365.947
100548,2026-10-05T22:00:01.999584,361.274,366.28
100549,2026-10-05T22:00:01.999584,361.246,366.571
100550,2026-10-05T22:00:01.999584,361.559,366.158
100551,2026-10-05T22:00:01.999584,361.196,366.084
100552,2026-10-05T22:15:26.637696,361.564,366.137
100553,2026-10-05T22:26:55.324320,361.503,366.145
100554,2026-10-05T21:17:46.660704,361.449,366.115
100555,2026-10-05T21:17:56.842080,335.289,339.401
100556,2026-10-05T22:00:01.999584,361.414,366.098
100557,2026-10-03T14:33:36.487584,334.882,339.954
100558,2026-10-05T22:00:01.999584,361.494,365.893
100559,2026-10-04T22:11:35.455488,336.605,340.415
100560,2026-10-05T21:55:45.058944,361.685,365.895
100622,2026-10-05T22:00:01.999584,396.489,400.785
100632,2026-10-05T22:00:01.999584,394.779,399.445
100639,2026-10-05T22:00:01.999584,398.029,403.103
100686,2026-09-17T19:08:33.484992,308.146,6665.305
100687,2026-09-17T21:47:01.474080,299.991,6657.333
100688,2026-09-21T20:12:10.944576,305.433,6658.211
100753,2026-10-05T22:00:01.999584,361.115,366.192
100754,2026-10-05T22:00:01.999584,357.052,361.719
100755,2026-10-05T22:00:01.999584,347.857,352.419
100756,2026-10-05T22:00:01.999584,361.497,365.897
100757,2026-10-05T22:00:01.999584,361.25,365.924
100758,2026-10-05T21:17:20.508288,322.137,326.382
100759,2026-10-05T22:17:11.152320,361.587,365.972
100760,2026-10-05T22:00:01.999584,361.094,366.268
100761,2026-10-05T22:00:01.999584,361.226,366.449
100762,2026-10-05T22:00:01.999584,329.806,334.451
100763,2026-10-05T22:00:01.999584,360.899,366.377
100764,2026-10-05T22:59:20.306688,323.692,330.095
100765,2026-10-05T22:00:01.999584,361.015,366.24
100766,2026-10-05T22:00:01.999584,363.787,368.475
100767,2026-10-05T22:00:01.999584,361.128,366.041
100768,2026-10-05T23:14:17.026368,344.058,350.035
100769,2026-10-05T19:44:21.458112,361.427,366.26
100770,2026-10-05T22:00:01.999584,352.43,357.593
100771,2026-10-05T22:00:01.999584,361.327,366.013
100772,2026-10-05T22:00:01.999584,330.618,335.816
100773,2026-10-05T22:00:01.999584,361.224,366.097
100774,2026-10-05T22:00:01.999584,361.256,366.132
100775,2026-10-05T22:00:01.999584,361.436,365.917
100776,2026-10-05T22:00:01.999584,335.728,340.778
100777,2026-10-05T22:54:10.632672,361.488,366.088
100778,2026-10-05T22:00:01.999584,361.461,365.817
100779,2026-10-05T22:00:01.999584,361.602,366.135
100789,2026-10-05T18:23:23.182656,232.38,508.375
100855,2026-10-05T22:00:01.999584,298.858,299.188
100856,2026-10-05T22:00:01.999584,297.714,298.087
100857,2026-10-05T22:00:01.999584,295.726,296.322
100858,2026-10-05T22:00:01.999584,295.721,295.806
100859,2026-10-05T22:00:01.999584,295.065,295.44
100860,2026-10-05T22:00:01.999584,295.237,295.684
100861,2026-10-05T22:00:01.999584,296.233,296.655
100862,2026-10-05T22:00:01.999584,297.298,297.699
100863,2026-10-05T22:00:01.999584,298.228,298.634
100864,2026-10-05T22:00:01.999584,299.242,299.674
100865,2026-10-05T22:00:01.999584,300.307,300.967
100866,2026-10-05T22:00:01.999584,300.775,301.214
100867,2026-10-05T22:00:01.999584,294.411,294.678
100868,2026-10-05T22:00:01.999584,300.72,301.257
100869,2026-10-05T22:00:01.999584,294.913,295.106
100870,2026-10-05T22:00:01.999584,290.4,290.807
100871,2026-10-05T22:00:01.999584,295.255,295.898
100872,2026-10-05T22:00:01.999584,295.071,295.336
100873,2026-10-05T22:00:01.999584,295.734,296.185
100874,2026-10-05T22:00:01.999584,296.811,297.096
100875,2026-10-05T22:00:01.999584,300.895,301.219
100876,2026-10-05T22:00:01.999584,299.696,300.227
100877,2026-10-05T22:00:01.999584,300.713,301.288
100878,2026-10-05T22:00:01.999584,300.728,301.27
100879,2026-10-05T22:00:01.999584,300.729,301.249
100880,2026-10-05T22:00:01.999584,300.735,301.236
